group,all,all_abs,correct-reject,correct-reject_abs,miss,miss_abs,false-alarm,false-alarm_abs,hit,hit_abs
G1,0.0005820333423631864,0.017983443815464416,-0.000484209605487717,0.0050524212448695965,-0.013625111182543753,0.05383997181738263,0.008753252706659387,0.40345083850342084,0.06563755131879112,0.4138455984094157
G2,-0.00015703046559757076,0.017971911776269923,1.0123737490924569e-05,0.006059973940602686,-0.009930321458759717,0.04310375444025679,-0.024077194984208683,0.3716796198707761,0.02078985202575724,0.3979092268133294
G3,0.0009107430341464108,0.01999134425753102,0.0009947779171772036,0.007460404201713184,0.008041210677590376,0.06256064925930839,0.029606447648254708,0.41903722167804647,-0.03684390161776005,0.3943015654133839
G4,0.002024628379554004,0.020321754235592203,0.00011927061460804446,0.006447200799767787,0.019449972547132204,0.04043016601261473,0.03109935528640151,0.41295935317890536,0.06987367815004282,0.46349950292172004
G5,-0.003360374788908647,0.01891770616936738,-0.0006399629027878575,0.006523730171729162,-0.003935744836028425,0.06407846140547113,-0.045381872384744754,0.3815245475961935,-0.11945718972471772,0.39200550697251646
